<?xml version="1.0" encoding="UTF-8" standalone="yes"?>

<addon id="plugin.video.talktv" version="1.0.0" name="TALKTV.VN" provider-name="chanmodoi">	
	<requires>					
		<import addon="xbmc.python" version="2.1.0" />				
		<import addon="script.module.parsedom" version="0.9.1"/>				
	</requires>	
	<extension point="xbmc.python.pluginsource" library="addon.py">				
		<provides>video</provides>		
	</extension>			
	<extension point="xbmc.addon.metadata">			
		<summary>TALKTV.VN</summary>					
		<description>See videos from sites: talktv.vn</description>					
		<platform>all</platform>	
		<language>vi</language>
		<license>GNU GENERAL PUBLIC LICENSE. Version 2, June 1991</license>
		<forum></forum>
		<website>https://github.com/chanmodoi</website>
		<source>https://github.com/chanmodoi</source>
		<disclaimer></disclaimer>
		<email></email>
		<broken></broken>
	</extension>
</addon>